ISO,Land,Stadt,24h,8h,Übernachtung
AF,Afghanistan,,30,20,95
EG,Ägypten,,41,28,125
AL,Albanien,,29,20,113
DZ,Algerien,,51,34,173
AD,Andorra,,34,23,45
AO,Angola,,77,52,265
AG,Antigua und Barbuda,,53,36,117
AR,Argentinien,,34,23,144
AM,Armenien,,23,16,63
AZ,Aserbaidschan,,30,20,72
ET,Äthiopien,,27,18,86
AU,Australien,Canberra,51,34,158
AU,Australien,Sydney,68,45,184
AU,Australien,,51,34,158
BH,Bahrain,,45,30,180
BB,Barbados,,58,39,179
BE,Belgien,,42,28,135
BJ,Benin,,40,27,101
BO,Bolivien,,30,20,93
BR,Brasilien,Brasilia,57,38,127
BR,Brasilien,Rio de Janeiro,57,38,145
BR,Brasilien,Sao Paulo,53,36,132
BR,Brasilien,,51,34,84
BN,Brunei,,48,32,106
BG,Bulgarien,,22,15,90
BF,Burkina Faso,,44,29,84
BI,Burundi,,47,32,98
CL,Chile,,44,29,187
CN,China,Chengdu,35,24,105
CN,China,Hongkong,74,49,145
CN,China,Kanton,40,27,113
CN,China,Peking,46,31,142
CN,China,Shanghai,50,33,128
CN,China,,50,33,78
CR,Costa Rica,,46,31,93
DK,Dänemark,,58,39,143
DE,Deutschland,,24,12,20
DO,Dominikanische Republik,,45,30,147
EC,Ecuador,,44,29,97
SV,El Salvador,,44,29,119
ER,Eritrea,,46,31,81
EE,Estland,,27,18,71
FJ,Fidschi,,34,23,69
FI,Finnland,,50,33,136
FR,Frankreich,Lyon,53,36,115
FR,Frankreich,Marseille,46,31,101
FR,Frankreich,"Paris sowie die Departments 92, 93 und 94",58,39,152
FR,Frankreich,Straßburg,51,34,96
FR,Frankreich,,44,29,115
GA,Gabun,,62,41,278
GM,Gambia,,30,20,125
GE,Georgien,,35,24,88
GH,Ghana,,46,31,174
GD,Grenada,,51,34,121
GR,Griechenland,Athen,46,31,132
GR,Griechenland,,36,24,89
GT,Guatemala,,28,19,96
GN,Guinea,,46,31,118
GY,Guyana,,41,28,81
HT,Haiti,,58,39,130
HN,Honduras,,48,32,101
IN,Indien,Chennai,34,23,87
IN,Indien,Kalkutta,41,28,117
IN,Indien,Mumbai,32,21,125
IN,Indien,Neu Delhi,50,33,144
IN,Indien,,36,24,145
ID,Indonesien,,38,25,130
IR,Iran,,33,22,196
IE,Irland,,44,29,92
IS,Island,,47,32,108
IL,Israel,,56,37,191
IT,Italien,Mailand,39,26,156
IT,Italien,Rom,52,35,160
IT,Italien,,34,23,126
JM,Jamaika,,54,36,135
JP,Japan,Tokio,66,44,233
JP,Japan,,51,34,156
YE,Jemen,,24,16,95
JO,Jordanien,,46,31,126
KH,Kambodscha,,39,26,94
CM,Kamerun,,50,33,180
CA,Kanada,Ottawa,47,32,142
CA,Kanada,Toronto,51,34,161
CA,Kanada,Vancouver,50,33,140
CA,Kanada,,47,32,134
CV,Kap Verde,,30,20,105
KZ,Kasachstan,,39,26,109
KE,Kenia,,42,28,223
KG,Kirgisistan,,29,20,91
CO,Kolumbien,,41,28,126
CD,"Kongo, Demokratische Republik",,68,45,171
HR,Kroatien,,28,19,75
CU,Kuba,,46,31,228
KW,Kuwait,,42,28,185
LA,Laos,,33,22,96
LS,Lesotho,,24,16,103
LV,Lettland,,30,20,80
LB,Libanon,,44,29,120
LY,Libyen,,45,30,100
LI,Liechtenstein,,53,36,180
LT,Litauen,,24,16,68
LU,Luxemburg,,47,32,130
MG,Madagaskar,,34,23,87
MW,Malawi,,47,32,123
MY,Malaysia,,34,23,88
MV,Malediven,,52,35,170
ML,Mali,,41,28,122
MT,Malta,,45,30,112
MA,Marokko,,42,28,129
MH,Marshall Inseln,,63,42,70
MR,Mauretanien,,39,26,105
MU,Mauritius,,54,36,220
MK,Mazedonien,,29,20,95
MX,Mexiko,,41,28,141
FM,Mikronesien,,56,37,74
MC,Monaco,,42,28,180
MN,Mongolei,,27,18,92
NA,Namibia,,23,16,77
NP,Nepal,,28,19,86
NZ,Neuseeland,,56,37,153
NI,Nicaragua,,36,24,81
NL,Niederlande,,46,31,119
NE,Niger,,41,28,89
NG,Nigeria,,63,42,255
NO,Norwegen,,80,53,182
OM,Oman,,60,40,200
AT,Österreich,,36,24,104
PK,Pakistan,Islamabad,30,20,165
PK,Pakistan,,27,18,68
PW,Palau,,51,34,166
PA,Panama,,39,26,111
PY,Paraguay,,38,25,108
PE,Peru,,30,20,93
PH,Philippinen,,30,20,107
PL,Polen,Breslau,33,22,92
PL,Polen,Danzig,29,20,77
PL,Polen,Krakau,28,19,88
PL,Polen,Warschau,30,20,105
PL,Polen,,27,18,50
PT,Portugal,,36,24,102
RW,Ruanda,,46,31,141
RO,Rumänien,Bukarest,32,21,100
RO,Rumänien,im Übrigen,26,17,62
ZM,Sambia,,36,24,130
AS,Samoa,,29,20,85
WS,Samoa,,29,20,85
SM,San Marino,,34,23,75
SE,Schweden,,50,33,168
CH,Schweiz,Genf,64,43,195
CH,Schweiz,,62,41,169
SN,Senegal,,45,30,128
SL,Sierra Leone,,39,26,82
SG,Singapur,,53,36,188
SI,Slowenien,,33,22,95
ES,Spanien,Barcelona,32,21,118
ES,Spanien,Kanarische Inseln,32,21,98
ES,Spanien,Madrid,41,28,113
ES,Spanien,Palma de Mallorca,32,21,110
ES,Spanien,,29,20,88
LK,Sri Lanka,,42,28,100
ZA,Südafrika,Kapstadt,27,18,112
ZA,Südafrika,Johannisburg,29,20,124
ZA,Südafrika,,22,15,94
SD,Sudan,,35,24,115
SY,Syrien,,38,25,140
TJ,Tadschikistan,,26,17,67
TW,Taiwan,,51,34,126
TZ,Tansania,,47,32,201
TH,Thailand,,32,21,118
TG,Togo,,35,24,108
TO,Tonga,,39,26,94
TD,Tschad,,64,43,163
CZ,Tschechische Republik,,35,24,94
TN,Tunesien,,40,27,115
TR,Türkei,Istanbul,35,24,104
TR,Türkei,Izmir,42,28,80
TR,Türkei,,40,27,78
TM,Turkmenistan,,33,22,108
UG,Uganda,,35,24,129
UA,Ukraine,,32,21,98
HU,Ungarn,,22,15,63
UY,Uruguay,,44,29,109
UZ,Usbekistan,,34,23,123
VE,Venezuela,,47,32,120
AE,Vereinigte Arabische Emirate,,45,30,155
VN,Vietnam,,38,25,86
CF,Zentralafrikanische Republik,,46,31,74
CY,Zypern,,45,30,116
